{
    "model_name": "CholerMPR2",
    "parameters": {
        "b2": 0.00018315976406846346,
        "b3": 0.10030562532415477,
        "b4": 20.390369573354377,
        "L": 2
    },
    "metadata": {
        "fitting_info": {
            "method": "DE",
            "optimize_output": {
                "fun": 0.6426438106436917,
                "nfev": 79800,
                "nit": 132,
                "message": "Optimization terminated successfully.",
                "success": true
            }
        }
    }
}